Website,Brand,Pattern,Size,Price
www.justtyres.co.uk,DUNLOP,"SPORT BLURESPONSE","205/55 R16 91V",£86.17
www.justtyres.co.uk,DUNLOP,"SP SPORT MAXX TT","205/55 R16 91W",£201.49
www.justtyres.co.uk,DUNLOP,"SPORT MAXX RT","205/55 R16 91W",£177.60
www.justtyres.co.uk,DUNLOP,"SPORT MAXX RT","205/55 R16 91Y",£177.60
www.justtyres.co.uk,DUNLOP,"SPORT BLURESPONSE","205/55 R16 91H",£93.13
www.justtyres.co.uk,DUNLOP,"SPORT BLURESPONSE","205/55 R16 91V",£183.49
www.justtyres.co.uk,DUNLOP,"SPORT BLURESPONSE","205/55 R16 91W",£70.93
www.justtyres.co.uk,BRIDGESTONE,"TURANZA ER300A","205/55 R16 91W",£161.78
www.justtyres.co.uk,BRIDGESTONE,"TURANZA ER300","205/55 R16 91V",£91.56
www.justtyres.co.uk,PIRELLI,"CINTURATO P7","205/55 R16 91V",£187.49
www.justtyres.co.uk,PIRELLI,"CINTURATO P7 (P7C2) RUNFLAT","205/55 R16 91V",£207.49
www.justtyres.co.uk,PIRELLI,"CINTURATO P7 (P7C2) RUNFLAT","205/55 R16 91W",£194.52
www.justtyres.co.uk,PIRELLI,"CINTURATO P7","205/55 R16 91W",£178.49
www.justtyres.co.uk,GOODYEAR,"EFFICIENTGRIP RUNFLAT","205/55 R16 91W",£126.49
www.justtyres.co.uk,GOODYEAR,"VECTOR 4SEASONS","205/55 R16 94V",£88.19
www.justtyres.co.uk,GOODYEAR,"VECTOR 4SEASONS GEN-2 RUNFLAT","205/55 R16 91V",£93.19
www.justtyres.co.uk,GOODYEAR,"EFFICIENTGRIP PERFORMANCE","205/55 R16 91W",£136.49
www.justtyres.co.uk,GOODYEAR,"VECTOR 4SEASONS GEN-2","205/55 R16 94H",£153.49
www.justtyres.co.uk,GOODYEAR,"EFFICIENTGRIP PERFORMANCE","205/55 R16 91V",£143.82
www.justtyres.co.uk,GOODYEAR,"EFFICIENTGRIP PERFORMANCE","205/55 R16 91V",£166.58
www.justtyres.co.uk,HANKOOK,"KINERGY 4S 2 H750","205/55 R16 94H",£277.22
www.justtyres.co.uk,HANKOOK,"KINERGY ECO 2 K435","205/55 R16 91H",£114.84
www.justtyres.co.uk,HANKOOK,"KINERGY 4S2 H750","205/55 R16 94V",£179.49
www.justtyres.co.uk,AVON,ZV7,"205/55 R16 91W",£95.49
www.justtyres.co.uk,AVON,ZV7,"205/55 R16 94W",£77.48
www.justtyres.co.uk,AVON,"WX7 WINTER","205/55 R16 91H",£126.49
www.justtyres.co.uk,AVON,AZV7,"205/55 R16 91V",£86.36
www.justtyres.co.uk,MICHELIN,"ENERGY SAVER","205/55 R16 91H",£157.39
www.justtyres.co.uk,MICHELIN,"PILOT EXALTO PE2","205/55 R16 91Y",£129.73
www.justtyres.co.uk,MICHELIN,"PRIMACY 3 RUNFLAT","205/55 R16 91W",£170.49
www.justtyres.co.uk,MICHELIN,"PRIMACY 3 RUNFLAT","205/55 R16 91V",£197.49
www.justtyres.co.uk,SUPERVALUE,PHI,"205/55 R16 94W",£75.74
www.justtyres.co.uk,SUPERVALUE,GRIP200,"205/55 R16 91V",£82.74
www.justtyres.co.uk,CONTINENTAL,"PREMIUM CONTACT 2","205/55 R16 91V",£136.49
www.justtyres.co.uk,CONTINENTAL,"ECO CONTACT 5","205/55 R16 91W",£101.49
www.justtyres.co.uk,CONTINENTAL,"ECO CONTACT 5","205/55 R16 91V",£101.38
www.justtyres.co.uk,CONTINENTAL,"ECO CONTACT","205/55 R16 91Q",£361.80
www.justtyres.co.uk,FIRESTONE,ROADHAWK,"205/55 R16 91V",£129.69
www.justtyres.co.uk,FIRESTONE,ROADHAWK,"205/55 R16 91H",£140.49
www.justtyres.co.uk,FIRESTONE,MULTISEASON2,"205/55 R16 91H",£85.26
www.justtyres.co.uk,FIRESTONE,MULTISEASON2,"205/55 R16 94V",£76.68
www.justtyres.co.uk,FIRESTONE,"ROADHAWK 2","205/55 R16 91V",£103.37
www.justtyres.co.uk,FIRESTONE,"ROADHAWK 2","205/55 R16 91H",£139.44
www.justtyres.co.uk,FIRESTONE,"ROADHAWK 2","205/55 R16 94V",£139.44
www.justtyres.co.uk,FIRESTONE,"ROADHAWK 2","205/55 R16 91W",£82.57
www.justtyres.co.uk,YOKOHAMA,V105,"205/55 R16 91V",£192.64
www.justtyres.co.uk,YOKOHAMA,V105,"205/55 R16 91W",£191.49
www.justtyres.co.uk,YOKOHAMA,AC02,"205/55 R16 91H",£73.42
www.justtyres.co.uk,YOKOHAMA,"V103 RUNFLAT","205/55 R16 91W",£83.12
www.justtyres.co.uk,YOKOHAMA,ES32,"205/55 R16 91V",£55.18
www.justtyres.co.uk,YOKOHAMA,V701,"205/55 R16 91W",£68.42
www.justtyres.co.uk,YOKOHAMA,AW21,"205/55 R16 91V",£228.49
www.justtyres.co.uk,NEXEN,"ROADIAN 581","205/55 R16 91H",£83.04
www.justtyres.co.uk,NEXEN,"N FERA SU1","205/55 R16 94W",£69.93
